strategy_name,initial_burn_rate,team_size_total,run,survived,survival_time,market_fit,market_share,peak_market_share,growth_rate,feature_completeness,technical_debt,bug_count,code_quality,brand_awareness,revenue,cash_runway,runway_used,runway_efficiency,funding_rounds,pivots_used,time_to_profitability,burn_multiple
Ultra Conservative,5.0,10,1,False,18,58.24086043247685,0.0,0.0,0.0,19.113844186123057,21.984968102863576,8.988406060811032,70.25825901265267,68.45104578470526,6.2557513193433305,-3.40187991080676,103.40187991080676,0.0,0,0,0,1.0926929863316661
Ultra Conservative,5.0,10,2,False,20,57.72705066457965,0.0,0.0,0.0,20.31607407577547,21.770548992955455,9.022227786376225,70.24583943872247,85.18495781546774,4.01819225686019,-0.9670007083708123,100.96700070837082,0.0,0,0,0,1.02014807034769
Ultra Conservative,5.0,10,3,False,26,61.75774239157048,0.0,0.0,0.0,22.710000092288137,23.953419061748402,10.207256302530325,69.44579602726917,80.52259133952616,8.212676660163257,-1.5539793347287034,101.55397933472871,0.0,0,0,0,1.2325641846546773
Ultra Conservative,5.0,10,4,True,200,100.0,5.156790637778329,5.608511500062805,0.02623658210699022,102.96805779596606,22.9964390169545,0.0,49.35735033411706,99.99999942838672,86.42588447752995,4270.057726752109,101.55397933472871,0.05156790637778329,1,0,0,8.770057726752107
Ultra Conservative,5.0,10,5,False,19,58.1288761555863,0.0,0.0,0.0,19.480841072273773,22.65739079715159,9.388472465169878,70.08573343936177,73.14041971698158,5.804953803356432,-3.3493775355645417,103.34937753556454,0.0,0,0,0,0.9562701964324111
Ultra Conservative,5.0,10,6,False,17,55.27555303498617,0.0,0.0,0.0,19.060975215320507,20.576365286397387,8.34056255417049,70.62776321535604,73.42687744236365,5.637353352719227,-0.20937560557293544,100.20937560557293,0.0,0,0,0,1.0606267181377391
Ultra Conservative,5.0,10,7,False,19,57.53130792454035,0.0,0.0,0.0,19.231635181156907,23.552548987086304,9.83307806678257,69.9060174417794,76.89509226750219,5.599500342331848,-0.012460646595264357,100.01246064659526,0.0,0,0,0,0.9935583053797146
Ultra Conservative,5.0,10,8,True,200,100.0,4.659115614912135,5.555298159546722,0.023677365334780306,106.30840164915573,22.89983952328158,0.0,53.36752030429321,99.999998525453,70.54412536330845,4524.642082610759,100.01246064659526,0.046591156149121356,1,0,0,8.444642082610759
Ultra Conservative,5.0,10,9,False,20,58.3902977658988,0.0,0.0,0.0,19.668261933288438,24.107262051340154,10.170319732872182,69.79552233977594,70.73131042587661,3.805955797269508,-0.4355008781541647,100.43550087815416,0.0,0,0,0,1.0275854332457635
Ultra Conservative,5.0,10,10,True,200,100.0,4.805795851552406,5.6034915500006175,0.023931342825237602,107.70311306171506,21.948117984419554,0.0,54.925453867387056,99.99999378261028,88.49798804861072,3778.112248104419,100.43550087815416,0.04805795851552406,1,0,0,8.27811224810442
Ultra Conservative,5.0,10,11,False,17,57.00257234977689,0.0,0.0,0.0,17.66857325806607,26.96894623189072,11.598693535038723,69.61376319026144,71.85689713454296,4.872897392047785,-0.8607815618227912,100.86078156182279,0.0,0,0,0,0.8737214240721111
Ultra Conservative,5.0,10,12,False,23,58.32777797861626,0.0,0.0,0.0,21.959960626307694,22.109542613352094,9.36280909743926,70.1431091859555,85.58550612465895,4.2487000595580104,-2.4906576864910877,102.49065768649109,0.0,0,0,0,1.0544403674256602
Ultra Conservative,5.0,10,13,True,200,100.0,4.752316952286061,5.4161323842156275,0.024881066966614438,107.6557983961988,21.961061079279247,0.0,55.05739222687052,99.9999989086951,72.7080481484931,4060.786974853739,102.49065768649109,0.04752316952286061,0,0,0,8.360786974853742
Ultra Conservative,5.0,10,14,True,200,100.0,4.964280873201237,5.0604626088694875,0.022444946997219842,106.38197927700661,22.274144629100718,0.0,53.192191809834355,99.99999819378972,76.44624702154253,3594.802469875622,102.49065768649109,0.04964280873201237,1,0,0,8.394802469875623
Ultra Conservative,5.0,10,15,False,19,58.81258540991498,0.0,0.0,0.0,19.99438834927097,22.0833205803096,9.23235293699881,70.44053404651913,85.52666927144645,6.6554433149516825,-0.41032862779207235,100.41032862779207,0.0,0,0,0,1.1887813479711187
Ultra Conservative,5.0,10,16,False,20,57.21765884438528,0.0,0.0,0.0,19.6597216323371,24.493711497134896,10.40872888347354,69.76978040580403,62.66041946000378,3.6975481060876807,-1.4177578426815391,101.41775784268154,0.0,0,0,0,1.0188469405123082
Ultra Conservative,5.0,10,17,True,200,100.0,4.767755509337667,5.188408060771275,0.02228708470659472,107.11609172921959,22.070541506253196,0.0,54.06450428169871,99.99999962807281,74.9367430603482,3486.6594973429524,101.41775784268154,0.04767755509337667,1,0,0,8.326659497342954
Ultra Conservative,5.0,10,18,False,19,57.88153876296688,0.0,0.0,0.0,20.19315644249332,20.69517847267393,8.500079115696991,70.58432844479489,73.25514007207875,6.129755709475728,-0.7898108945189035,100.78981089451891,0.0,0,0,0,0.979794035747425
Ultra Conservative,5.0,10,19,False,20,58.931201147487265,0.0,0.0,0.0,19.538758006126862,23.79801092870105,9.903842871569935,69.69677927116834,85.29566656292633,4.086034443656992,-0.3077683431392533,100.30776834313926,0.0,0,0,0,1.0260619721320379
Ultra Conservative,5.0,10,20,False,22,58.62340699839002,0.0,0.0,0.0,21.614994199621215,21.37171833609416,8.954476366907935,70.31853488871677,73.85265290833976,4.282594750866475,-0.06358327987806778,100.06358327987807,0.0,0,0,0,1.060489290629595
Conservative,8.0,14,1,True,200,100.0,6.034377170196282,6.765209365997675,0.030389399672953267,112.51502060200579,21.063640127778452,0.0,59.117706809837415,99.99999969139155,86.41129436149292,8080.15533327599,100.06358327987807,0.06034377170196282,0,0,0,7.987597083297495
Conservative,8.0,14,2,True,200,100.0,5.032132776643383,6.267075653857811,0.027015546610620545,106.25745101515514,22.42111391535199,0.0,52.19458878070377,99.99998954191221,98.36514571992393,7947.139212306703,100.06358327987807,0.05032132776643383,0,0,0,7.616962007691688
Conservative,8.0,14,3,True,200,100.0,4.728386503326921,7.2180852778571785,0.02366889298100564,110.49629093349536,21.57581627707833,0.0,56.82713802164519,99.99999929463348,71.7868100869073,7574.968874395761,100.06358327987807,0.04728386503326921,0,0,19,7.209355546497352
Conservative,8.0,14,4,True,200,100.0,7.1843747004992755,7.1843747004992755,0.03233633024577708,110.42351978041107,21.769096537644227,0.0,56.64138648783878,99.99997645748606,119.1142992926354,7101.780790981151,100.06358327987807,0.07184374700499276,0,0,0,7.501112994363218
Conservative,8.0,14,5,True,200,100.0,3.7917313271975037,5.3913306409075625,0.023120279526644638,110.8693919847059,21.395352409284058,0.0,57.34807102163039,99.99999618679702,75.6146556211658,6357.628849733386,100.06358327987807,0.037917313271975034,0,0,0,6.886018031083365
Conservative,8.0,14,6,True,200,100.0,6.382011583815531,6.574037242716714,0.030266780631039554,109.84149161323174,21.59721447673016,0.0,56.23230214612685,99.9999984163059,113.75754586377815,7265.258228994679,100.06358327987807,0.06382011583815532,0,0,0,7.303286393121673
Conservative,8.0,14,7,True,200,100.0,6.641947709482126,6.641947709482126,0.028940851842601284,109.30916820605404,21.64695612447633,0.0,56.022478663618294,99.99998298069006,105.40729227063623,6798.4972309494115,100.06358327987807,0.06641947709482127,0,0,21,7.011560769343383
Conservative,8.0,14,8,True,200,100.0,6.337699674510775,7.181733004000229,0.032846356697005925,109.42427461518554,21.758558054440886,0.0,56.07335751215879,99.9999971247091,99.11885147536638,7786.0345763658925,100.06358327987807,0.06337699674510774,0,0,20,7.32877161022868
Conservative,8.0,14,9,True,200,100.0,5.550371374021623,6.640927829549999,0.025948154202759362,100.30050412846981,23.828407757740077,0.0,45.69998778392019,99.99999549100255,83.94219540066283,6745.537575392906,100.06358327987807,0.055503713740216225,0,0,0,6.678460984620566
Conservative,8.0,14,10,True,200,100.0,5.707212081982538,6.901994635672741,0.02733144537955208,108.91275386937816,21.95022510574678,0.0,55.281358337447685,99.99999950029746,88.71127467032203,7775.637771213034,100.06358327987807,0.057072120819825385,0,0,0,7.609773607008146
Conservative,8.0,14,11,True,200,100.0,4.73267785328448,6.465104879562595,0.023626523617654493,104.52613189260158,22.84141358375156,0.0,50.86494184090166,99.99999903788803,72.70348404695659,7003.467732906577,100.06358327987807,0.0473267785328448,0,0,0,7.0021673330666125
Conservative,8.0,14,12,True,200,100.0,5.462496976805365,6.470632112527763,0.02504026604842398,106.32123611575048,22.40656213459332,0.0,52.11848358225701,99.99998801829621,97.08641452539946,7013.253951080025,100.06358327987807,0.05462496976805365,0,0,0,6.845783719425015
Conservative,8.0,14,13,True,200,100.0,4.985931346913565,7.412548548562222,0.027223298116245395,112.32999112920466,21.170819196904954,0.0,58.81042624738273,99.99999606378347,79.52790944760007,7884.943167224452,100.06358327987807,0.049859313469135656,0,0,0,7.840589479515282
Conservative,8.0,14,14,True,200,100.0,5.241717627744287,6.089861850327937,0.02759162623854592,110.56968122709972,21.63836289198107,0.0,56.975704044616336,99.99999671421426,80.88179281701852,6467.106336536222,100.06358327987807,0.05241717627744287,0,0,18,6.729441460335138
Conservative,8.0,14,15,True,200,100.0,5.335686522075465,7.039217429411267,0.025629008497429127,110.9858827424712,21.282046730781683,0.0,57.89902289023902,99.99999696593673,97.1251209774435,7438.322677284766,100.06358327987807,0.05335686522075465,0,0,0,7.411451673302979
Conservative,8.0,14,16,True,200,100.0,6.708315869385486,6.708315869385486,0.03064221116923485,108.17277328785909,22.807380488173738,0.0,54.80832182109033,99.99999712877401,105.66332571841137,9749.892486099166,100.06358327987807,0.06708315869385487,0,0,0,7.56868280381198
Conservative,8.0,14,17,True,200,100.0,4.679405603271235,7.1318768914833415,0.028087240622633257,110.44088161235943,21.429819239354515,0.0,57.16296649608036,99.99999380359891,62.20309213835617,6927.624962756672,100.06358327987807,0.04679405603271235,0,0,0,7.24226560172292
Conservative,8.0,14,18,True,200,100.0,5.303676760399629,6.81317683154982,0.027279873620297997,110.75956063675072,21.368904029162508,0.0,57.47396433259931,99.99999636873072,73.06714907944783,6598.181435466762,100.06358327987807,0.05303676760399629,0,0,18,7.0363633971667285
Conservative,8.0,14,19,True,200,100.0,5.92244449457804,6.292510644901213,0.026822682570242118,98.97777410780004,24.16128469203953,0.0,43.33591451816894,99.99998770161842,103.86127087017596,6822.528912052227,100.06358327987807,0.059224444945780406,0,0,0,7.0265805700326425
Conservative,8.0,14,20,True,200,100.0,6.1172663655203126,6.843028972693523,0.027913975941112557,108.32876921575604,22.758263838438353,0.0,54.36607428785429,99.99998933964218,117.40459172215564,7884.537970502735,100.06358327987807,0.06117266365520312,0,0,0,7.5403362315642095
Moderate,10.0,18,1,True,200,100.0,7.856766281489247,8.512111167224628,0.039192563689201834,115.07019684507205,20.887941513084105,0.0,60.26056097056276,99.99999999998802,132.99864744991294,12465.602174078684,100.06358327987807,0.07856766281489247,0,0,0,8.532801087039342
Moderate,10.0,18,2,True,200,100.0,6.715214573732684,8.475524374741838,0.038350219216379315,112.66691967355213,21.497572814080304,0.0,58.08015391787762,99.99999999999027,114.68908425966369,12415.719359291399,100.06358327987807,0.06715214573732683,0,0,17,8.107859679645701
Moderate,10.0,18,3,True,200,100.0,7.028096352606369,7.995092959437989,0.03530324284855423,112.99451551064921,21.18298312413176,0.0,58.71340510628963,99.99999999992446,116.05308483915088,11321.32982755657,100.06358327987807,0.07028096352606368,0,0,0,7.660664913778288
Moderate,10.0,18,4,True,200,100.0,6.671431890459099,7.833885911684575,0.030648993273069504,114.37987344152424,21.051614155542364,0.0,59.79280283863163,99.99999999986457,108.44139036497765,9880.931335700876,100.06358327987807,0.06671431890459098,0,0,0,7.240465667850439
Moderate,10.0,18,5,True,200,100.0,7.784948796292837,8.462529826574425,0.04035447846962744,113.58675277381306,21.119352196004698,0.0,59.06454138548166,99.99999999993989,136.57597522100667,10876.505397962397,100.06358327987807,0.07784948796292837,0,0,0,7.638252698981198
Moderate,10.0,18,6,True,200,100.0,4.702946637624871,7.573538363887971,0.029954728448044487,115.83542379281852,20.708625648009562,0.0,61.32647376787794,99.99999999972468,96.96546618196753,10879.376156479266,100.06358327987807,0.04702946637624871,0,0,15,7.6396880782396295
Moderate,10.0,18,7,True,200,100.0,6.870221966543227,8.603014372529575,0.028909829152746473,114.67097639308712,20.925034749519583,0.0,60.03608153835344,99.9999999999736,111.02683189069691,9927.430988476885,100.06358327987807,0.06870221966543227,0,0,0,7.3637154942384395
Moderate,10.0,18,8,True,200,100.0,8.324618465520455,8.785133230507032,0.03956570675169671,114.91349192790699,20.92615550241458,0.0,60.07924071764584,99.99999999994772,135.00789970272194,13268.069172946123,100.06358327987807,0.08324618465520456,0,0,0,7.944034586473061
Moderate,10.0,18,9,True,200,100.0,7.8813654332952305,8.281957539408246,0.03978941195774337,112.69953723517374,21.273851169733543,0.0,58.07228048318862,99.99999999982296,137.55106405661886,9046.471215547623,100.06358327987807,0.0788136543329523,0,0,0,6.823235607773812
Moderate,10.0,18,10,True,200,100.0,6.218009315753796,8.081672486942963,0.03690248206421716,114.46652700073352,20.93374152025792,0.0,60.02626350439563,99.99999999996457,92.83176981378769,10738.370370186189,100.06358327987807,0.06218009315753796,0,0,0,7.469185185093093
Moderate,10.0,18,11,True,200,100.0,6.05684819087826,7.648759358983498,0.02609920730139832,111.52988899383173,21.817109859368387,0.0,56.89940871346137,99.99999999978577,95.272936817213,9985.624506459175,100.06358327987807,0.060568481908782605,0,0,0,7.092812253229589
Moderate,10.0,18,12,True,200,100.0,6.128563616960365,7.610801307048955,0.031898897704574145,114.20162964082536,20.98101360064185,0.0,59.74241818910977,99.99999999997327,95.68073284395749,11076.986791860101,100.06358327987807,0.061285636169603655,0,0,16,7.438493395930051
Moderate,10.0,18,13,True,200,100.0,5.977332676166906,7.934780914128763,0.03185512760194947,114.7712805053195,20.940125881323805,0.0,59.96068167842455,99.99999999992951,110.17313276174595,10289.741592081393,100.06358327987807,0.05977332676166906,0,0,0,7.544870796040695
Moderate,10.0,18,14,True,200,100.0,7.058022683794358,8.096612888913135,0.03791468270819291,113.70489004867532,21.081780594780717,0.0,59.13069074936209,99.99999999970203,108.57587859032637,10544.910198600663,100.06358327987807,0.07058022683794359,0,0,0,7.18245509930033
Moderate,10.0,18,15,True,200,100.0,5.262552731722267,7.696100045516556,0.028767775553701355,114.10463894588915,21.08119178076905,0.0,59.20431596059808,99.99999999998951,88.68896577799175,11386.718631429248,100.06358327987807,0.05262552731722267,0,0,0,7.893359315714624
Moderate,10.0,18,16,True,200,100.0,7.27299019832584,8.61210845942066,0.03580726784463673,114.5352999420028,20.906512256972967,0.0,60.140284094150594,99.99999999994495,124.92061909290582,12916.58084134693,100.06358327987807,0.0727299019832584,0,0,17,8.15829042067347
Moderate,10.0,18,17,True,200,100.0,4.679410000774899,8.22250096706197,0.027626824895569436,108.72994196263988,22.12019997849858,0.0,53.52653786116803,99.99999999986969,65.0347911739149,10558.668727755636,100.06358327987807,0.046794100007748994,0,0,0,7.579334363877822
Moderate,10.0,18,18,True,200,100.0,7.434592868580764,7.817320131221029,0.03571556367985857,111.276312481187,21.635107414725354,0.0,56.72918202111502,99.99999999988346,118.28192784101,10867.805455957163,100.06358327987807,0.07434592868580764,0,0,20,7.633902727978581
Moderate,10.0,18,19,True,200,100.0,6.573281260080018,8.261074556747268,0.03505265500438038,105.26738847269269,22.987626848320726,0.0,50.24538474281302,99.99999999915158,109.25614215058496,10597.703229350427,100.06358327987807,0.06573281260080018,0,0,0,7.008851614675214
Moderate,10.0,18,20,True,200,100.0,8.533444082929396,8.661607225221319,0.042018770620514664,114.13503795191865,21.066771896360116,0.0,59.40623833550582,99.99999999998198,148.57619700036153,12266.919979888138,100.06358327987807,0.08533444082929396,0,0,17,8.10345998994407
Aggressive,15.0,28,1,True,200,100.0,9.872329722950296,11.750603239256177,0.051310645753526785,110.6270948333093,22.633702074025823,0.0,53.965266563082146,99.99999999999999,172.69616454114455,20390.676521598707,100.06358327987807,0.09872329722950296,0,0,0,7.830225507199569
Aggressive,15.0,28,2,True,200,100.0,10.965668632783705,11.991825075029857,0.05362008748672421,115.0485656933662,21.233286056885802,0.0,58.730248623272544,99.99999999999999,202.7372265304933,22503.645961411854,100.06358327987807,0.10965668632783705,0,0,0,8.601215320470608
Aggressive,15.0,28,3,True,200,100.0,11.1533243667894,11.245058798267426,0.05531413039164109,111.64156404368302,21.906182863712587,0.0,55.18426373888468,99.99999999999999,184.81355258808514,20114.934886087478,100.06358327987807,0.11153324366789401,0,0,0,7.471644962029159
Aggressive,15.0,28,4,True,200,100.0,11.040832276747455,11.043090837273581,0.052608165863527685,116.81792698562442,20.88707945221634,0.0,60.52765951824472,99.99999999999999,202.4104752117865,21155.23166777527,100.06358327987807,0.11040832276747455,0,0,0,8.118410555925088
Aggressive,15.0,28,5,True,200,100.0,9.564727127051663,12.295751920218546,0.04942155283797195,117.68788066095611,20.6777461865914,0.0,61.617944662981614,99.99999999999999,161.6465435510305,22021.10190420192,100.06358327987807,0.09564727127051663,0,0,0,8.44036730140064
Aggressive,15.0,28,6,True,200,100.0,11.236471578168658,12.432138725230267,0.058629284299707186,110.84142623806662,22.023777368294034,0.0,54.434835148222064,99.99999999999999,185.21547228156265,22671.631348777915,100.06358327987807,0.11236471578168658,0,0,0,8.490543782925972
Aggressive,15.0,28,7,True,200,100.0,10.78618812476663,12.981607421473836,0.05041663189507399,118.65547230250522,20.540900409416217,0.0,62.61089736341016,99.99999999999999,192.5769833058051,22465.244741421695,100.06358327987807,0.1078618812476663,0,0,0,8.575081580473901
Aggressive,15.0,28,8,True,200,100.0,10.619298831671847,12.117946872623255,0.05673905692271282,119.83093874137232,20.283370030628653,0.0,64.00709072940619,99.99999999999999,184.22996083565045,22653.65695049839,100.06358327987807,0.10619298831671847,0,0,0,8.651218983499463
Aggressive,15.0,28,9,True,200,100.0,10.194310976622178,12.279692958882814,0.051875204924947994,118.10850719413801,20.583421041082747,0.0,62.20984116769674,99.99999999999999,191.93339715786783,20550.519247493616,100.06358327987807,0.10194310976622178,0,0,0,7.950173082497876
Aggressive,15.0,28,10,True,200,100.0,9.726031560499866,11.915497735201198,0.04240800814076975,116.26232758590788,21.170664092882838,0.0,60.33480094962685,99.99999999999999,165.19496540235735,21565.99209976275,100.06358327987807,0.09726031560499866,0,0,0,8.14866403325425
Aggressive,15.0,28,11,True,200,100.0,11.674265072007117,12.251947871521585,0.059623657328312894,119.79372356691648,20.30231753055327,0.0,63.813501647350805,99.99999999999999,198.39377587596792,21975.2535937293,100.06358327987807,0.11674265072007117,0,0,0,8.391751197909764
Aggressive,15.0,28,12,True,200,100.0,11.57748706261111,12.836000958534166,0.05298774561924262,115.84930563677045,21.026934130103708,0.0,59.85339600603474,99.99999999999999,196.09997458835934,22625.8941000309,100.06358327987807,0.11577487062611111,0,0,0,8.441964700010297
Aggressive,15.0,28,13,True,200,100.0,10.539087971230899,10.969296791016331,0.05194346515409933,116.73149949831311,20.84415960794581,0.0,60.78897024711333,99.99999999999999,199.4788531395365,21623.29681142389,100.06358327987807,0.10539087971230898,0,0,0,8.247765603807961
Aggressive,15.0,28,14,True,200,100.0,11.934741885796669,12.1286227499259,0.05752832297873737,116.7840468193736,20.875367635494463,0.0,60.51062831071391,99.99999999999999,235.77855073595288,21179.19132531608,100.06358327987807,0.11934741885796668,0,0,0,8.193063775105362
Aggressive,15.0,28,15,True,200,100.0,10.673611124974615,12.053486332911097,0.04853877582757174,116.5599337640633,20.925545715774582,0.0,60.541188397742935,99.99999999999999,182.81625012430635,20259.952067319457,100.06358327987807,0.10673611124974615,0,0,0,7.753317355773146
Aggressive,15.0,28,16,True,200,100.0,10.481021153276316,12.66698270528891,0.05546962859661883,118.3455539358016,20.62931374078863,0.0,62.30143768591569,99.99999999999999,181.5723706222491,23207.763036138913,100.06358327987807,0.10481021153276317,0,0,0,8.902587678712973
Aggressive,15.0,28,17,True,200,100.0,11.484931111133408,12.294645409650206,0.058438823949262364,116.50784862492551,20.87769685386792,0.0,60.47437299620084,99.99999999999999,206.52785861104178,20517.117988173002,100.06358327987807,0.11484931111133408,0,0,0,8.005705996057664
Aggressive,15.0,28,18,True,200,100.0,9.637368470789271,10.6674836582213,0.047284782631502514,112.72772436338188,21.611441970828334,0.0,56.84097928237583,99.99999999999999,165.17172735193853,19067.922041886803,100.06358327987807,0.0963736847078927,0,0,0,7.5226406806289345
Aggressive,15.0,28,19,True,200,100.0,10.83302130279073,11.407217194396791,0.04839053111518974,110.6292225963599,24.03780157175927,0.0,54.09146284688104,99.99999999999999,177.82103843484148,20461.952723542294,100.06358327987807,0.1083302130279073,0,0,0,7.787317574514097
Aggressive,15.0,28,20,True,200,100.0,13.186738679000088,13.186738679000088,0.06298375955331513,114.73841018577099,21.258173360598246,0.0,58.62589335377853,99.99999999999999,237.31959119362196,22295.366585860513,100.06358327987807,0.13186738679000087,0,0,0,8.498455528620173
Very Aggressive,20.0,37,1,True,200,100.0,12.439836825977787,14.070224969162716,0.06521557588971504,119.53551974845774,20.42016238664395,0.0,63.22170657964537,99.99999999999999,217.08837662002063,30308.783766600933,100.06358327987807,0.12439836825977788,0,0,0,8.052195941650233
Very Aggressive,20.0,37,2,True,200,100.0,13.820169015186872,14.252110073465932,0.06513017986705653,119.53944246900276,20.526636484371572,0.0,63.00641659004413,99.99999999999999,242.84882842830154,29519.04598114163,100.06358327987807,0.13820169015186873,0,0,0,7.854761495285407
Very Aggressive,20.0,37,3,True,200,100.0,11.84664432522174,14.607940881363387,0.05942674814990057,119.11868211028037,20.841392146883063,0.0,62.52879383216347,99.99999999999999,198.22666068551644,29047.144520817626,100.06358327987807,0.1184664432522174,0,0,0,7.736786130204412
Very Aggressive,20.0,37,4,True,200,100.0,13.938385022072298,14.171000614525044,0.06575327492432345,116.93928447454533,20.96429150768053,0.0,60.06619964417454,99.99999999999999,257.45988826754666,30478.736772558896,100.06358327987807,0.13938385022072297,0,0,0,8.094684193139718
Very Aggressive,20.0,37,5,True,200,100.0,13.100982721751278,13.99974552248009,0.0636808210860445,112.73055212723108,21.75386271740208,0.0,55.85143411629246,99.99999999999999,232.22074380432755,26930.722271236486,100.06358327987807,0.13100982721751278,0,0,0,7.207680567809119
Very Aggressive,20.0,37,6,True,200,100.0,12.130119869007556,13.56644387631693,0.05859655871422783,121.44819968437407,20.137204372665547,0.0,65.02433556217076,99.99999999999999,219.49052993393482,31556.058906794202,100.06358327987807,0.12130119869007557,0,0,0,8.36401472669855
Very Aggressive,20.0,37,7,True,200,100.0,14.507569793047617,14.673960445540233,0.07101439207598792,118.37893118897789,20.692496987600457,0.0,61.83621669799756,99.99999999999999,255.67029307230854,29190.445895931964,100.06358327987807,0.14507569793047617,0,0,0,7.772611473982993
Very Aggressive,20.0,37,8,True,200,100.0,12.605913604397625,12.916144734373862,0.061744030422338454,115.49767800243562,21.612359129528123,0.0,58.75006499861047,99.99999999999999,245.11720416420164,27828.720068029965,100.06358327987807,0.12605913604397626,0,0,0,7.432180017007495
Very Aggressive,20.0,37,9,True,200,100.0,12.093913325443603,13.964819162060016,0.0561523992983726,118.4178813784843,20.68116410341935,0.0,61.81284158523916,99.99999999999999,214.76780306071907,29168.51267076546,100.06358327987807,0.12093913325443603,0,0,0,7.767128167691368
Very Aggressive,20.0,37,10,True,200,100.0,13.585283952784788,15.10904494972387,0.06306532124953546,121.45121795400938,20.084019542281382,0.0,65.1138269726374,99.99999999999999,248.65445859420865,31098.464921909203,100.06358327987807,0.13585283952784788,0,0,0,8.249616230477299
Very Aggressive,20.0,37,11,True,200,100.0,13.125573350827135,14.329962004553936,0.06444397839423831,118.31352108824287,20.829000266470914,0.0,61.727035455963396,99.99999999999999,240.37564588254008,28498.441335258434,100.06358327987807,0.13125573350827135,0,0,0,7.59961033381461
Very Aggressive,20.0,37,12,True,200,100.0,12.055512604506944,13.572481637063282,0.0648351127973295,118.48421676816639,20.618489514210925,0.0,62.00962375949147,99.99999999999999,223.9706108488376,28718.341688055825,100.06358327987807,0.12055512604506945,0,0,0,7.654585422013956
Very Aggressive,20.0,37,13,True,200,100.0,14.607881770547204,15.371421967171957,0.06954688379139413,119.60084420319393,20.43855198213943,0.0,63.05523620757946,99.99999999999999,258.98452234959626,33265.60428862965,100.06358327987807,0.14607881770547204,0,0,0,8.791401072157413
Very Aggressive,20.0,37,14,True,200,100.0,14.85408124190005,14.85408124190005,0.06893145777080169,119.91959804202783,20.3870914525555,0.0,63.35704675790885,99.99999999999999,265.71503821665635,30140.542925173995,100.06358327987807,0.1485408124190005,0,0,0,8.010135731293504
Very Aggressive,20.0,37,15,True,200,100.0,13.539423605831539,15.809805509187987,0.06944023885677814,119.45950565289039,20.501804570392146,0.0,63.0132253939956,99.99999999999999,251.18222446866923,32677.398334041733,100.06358327987807,0.13539423605831538,0,0,0,8.64434958351043
Very Aggressive,20.0,37,16,True,200,100.0,14.86843430674825,15.354833274297382,0.0727547292507772,120.17342602704306,20.384051179542844,0.0,63.745115319577664,99.99999999999999,277.16087282987894,29289.751830524612,100.06358327987807,0.14868434306748252,0,0,0,7.797437957631149
Very Aggressive,20.0,37,17,True,200,100.0,14.14378002593321,14.393215237933244,0.07033110920390101,117.57497607265655,21.04969375697588,0.0,61.10565713536081,99.99999999999999,248.40502941620812,29176.006851886184,100.06358327987807,0.1414378002593321,0,0,0,7.769001712971546
Very Aggressive,20.0,37,18,True,200,100.0,12.566888360570628,14.263589674231945,0.06368528234122833,118.97079402049074,20.529922612932705,0.0,62.543210095473945,99.99999999999999,236.5591708049945,30755.45983183639,100.06358327987807,0.12566888360570627,0,0,0,8.163864957959095
Very Aggressive,20.0,37,19,True,200,100.0,13.512911232204077,14.028532452036723,0.06645721646938249,118.48235517048253,20.62692405421655,0.0,61.993532399204845,99.99999999999999,243.9195219717755,28159.936858247464,100.06358327987807,0.13512911232204078,0,0,0,7.514984214561866
Very Aggressive,20.0,37,20,True,200,100.0,12.399510692577403,13.599515201913638,0.06555751214995001,118.95021097342308,20.561523465542027,0.0,62.343019715225836,99.99999999999999,221.82728843968306,29277.150181334433,100.06358327987807,0.12399510692577403,0,0,0,7.794287545333612
Extreme Growth,30.0,50,1,True,200,100.0,16.81780664289044,20.28415803534547,0.08207974161144556,120.62882680875207,20.35143799554774,0.0,63.60620282694473,99.99999999999999,314.09182094287644,44285.301998683724,100.06358327987807,0.1681780664289044,0,0,10,7.697550333113954
Extreme Growth,30.0,50,2,True,200,100.0,17.63985349809225,18.90191669333739,0.08661787520156114,119.84965272376166,20.520681326520336,0.0,62.66705978230311,99.99999999999999,335.0692173118364,45295.01020589958,100.06358327987807,0.1763985349809225,0,0,0,7.8658350343166035
Extreme Growth,30.0,50,3,True,200,100.0,18.21232520405915,19.584747096414837,0.08812600389565692,121.84478352075158,20.13473818095663,0.0,64.87388884504584,99.99999999999999,358.99305071370975,51189.76887013309,100.06358327987807,0.18212325204059152,0,0,0,8.84829481168885
Extreme Growth,30.0,50,4,True,200,100.0,17.549670385764628,19.95227041554372,0.08713602449618069,122.07643009021999,20.172402982326826,0.0,65.10790913342952,99.99999999999999,351.01292818001457,49198.74736110639,100.06358327987807,0.1754967038576463,0,0,0,8.51645789351773
Extreme Growth,30.0,50,5,True,200,100.0,15.77354080286993,20.979323887621412,0.08550124157572889,121.3195427302335,20.260688769925984,0.0,64.4102599786694,99.99999999999999,310.74475652698646,48560.81094434065,100.06358327987807,0.1577354080286993,0,0,0,8.41013515739011
Extreme Growth,30.0,50,6,True,200,100.0,16.089343421242607,19.241664506339607,0.08447717272621848,120.9314257312212,20.415495622078378,0.0,63.97708811971016,99.99999999999999,290.98068656577146,44186.21693509084,100.06358327987807,0.16089343421242608,0,0,0,7.681036155848475
Extreme Growth,30.0,50,7,True,200,100.0,19.64029574531946,20.359071572676314,0.09860195092644726,120.80295484945952,21.51098161659964,0.0,63.743337560857725,99.99999999999999,381.21291334001967,45608.732370812766,100.06358327987807,0.19640295745319458,0,0,0,7.918122061802127
Extreme Growth,30.0,50,8,True,200,100.0,16.404282718785492,19.38275573562282,0.07923107173458083,122.54852700759103,19.996472202676653,0.0,65.68321448314194,99.99999999999999,325.2966381431659,47554.88458184945,100.06358327987807,0.16404282718785493,0,0,0,8.242480763641574
Extreme Growth,30.0,50,9,True,200,100.0,20.351179740033945,20.351179740033945,0.09778316132614429,120.31411415236047,20.425404878038655,0.0,63.30955603456781,99.99999999999999,400.555035303793,46517.9345330077,100.06358327987807,0.20351179740033945,0,0,0,8.069655755501282
Extreme Growth,30.0,50,10,True,200,100.0,19.916500659292073,19.916500659292073,0.09619315685882522,120.05499706401201,20.529518529405983,0.0,62.86846872675099,99.99999999999999,388.1599126667872,45869.50407740629,100.06358327987807,0.19916500659292072,0,0,0,7.961584012901052
Extreme Growth,30.0,50,11,True,200,100.0,18.565988762030138,20.128168721668946,0.08852630937860978,120.24100803134884,20.6634076124459,0.0,63.38370833231119,99.99999999999999,356.3095019479832,44008.56239190342,100.06358327987807,0.1856598876203014,0,0,0,7.651427065317238
Extreme Growth,30.0,50,12,True,200,100.0,17.703719440921304,18.34072986572778,0.08356388669706209,119.30485835006307,20.60706781242155,0.0,62.155157253658274,99.99999999999999,322.25373719360886,44972.67473241901,100.06358327987807,0.17703719440921303,0,0,0,7.81211245540317
Extreme Growth,30.0,50,13,True,200,100.0,18.19806900476258,19.042571741003496,0.0898369942012619,120.89190451001558,20.328527088068693,0.0,63.80643945681789,99.99999999999999,358.6822311685323,46379.7481280089,100.06358327987807,0.1819806900476258,0,0,0,8.046624688001483
Extreme Growth,30.0,50,14,True,200,100.0,18.641422975201387,20.38176747244078,0.09849416707936591,121.74129310385635,20.25253031634289,0.0,64.86407734426582,99.99999999999999,353.69963569563953,42185.83827817695,100.06358327987807,0.18641422975201385,0,0,0,7.3476397130294915
Extreme Growth,30.0,50,15,True,200,100.0,18.93624604609205,19.317623736748853,0.0891951116184741,116.63757075921639,21.15532716270191,0.0,59.20222243984116,99.99999999999999,381.33878624098634,44624.93309181317,100.06358327987807,0.1893624604609205,0,0,0,7.754155515302196
Extreme Growth,30.0,50,16,True,200,100.0,18.289207416540563,19.80266555637746,0.08793010037899304,121.86097921831856,20.16470650102667,0.0,64.9252207392272,99.99999999999999,348.4674128925613,50043.80366456186,100.06358327987807,0.18289207416540562,0,0,0,8.657300610760311
Extreme Growth,30.0,50,17,True,200,100.0,19.545003725334634,19.545003725334634,0.0905037091559039,120.48696905986259,20.48945260423607,0.0,63.35342864425655,99.99999999999999,378.74234454170613,46134.935885834166,100.06358327987807,0.19545003725334634,0,0,0,8.005822647639025
Extreme Growth,30.0,50,18,True,200,100.0,17.510773776144198,18.348079790251028,0.08914608042464826,120.29885601309877,20.430163541121722,0.0,63.164720013591186,99.99999999999999,335.2309463328181,45460.17356833356,100.06358327987807,0.17510773776144198,0,0,0,7.893362261388926
Extreme Growth,30.0,50,19,True,200,100.0,19.435237333955822,21.67465539910832,0.1035988277222398,122.01682126731318,20.100482507376302,0.0,65.14060555611013,99.99999999999999,378.5252310371157,50074.64575204262,100.06358327987807,0.1943523733395582,0,0,0,8.662440958673773
Extreme Growth,30.0,50,20,True,200,100.0,19.783724221242714,20.02169874548044,0.09810632075241565,120.46962766327209,20.465876628746113,0.0,63.56325105321694,99.99999999999999,383.55255497710664,44771.77850537339,100.06358327987807,0.19783724221242716,0,0,0,7.778629750895564
